"SEMCOST_OPT","DISPLAYCOST_OPT","PARTNERCOST_OPT","AFFILIATECOST_OPT","DIRECTMAILCOST_OPT","TOTALREVENUE_OPT"
213652.817019129,177506.522846967,193982.418941555,6000.21407389806,23574.9023444426,5615623.21726503
181698.97788649,208680.093920112,143371.817866925,6000.38127312961,152229.827128652,3623661.09353292
193546.690749251,207608.800929075,118281.646497822,11806.9944482013,83818.0768276102,3659015.93380572
126136.987847248,74536.0336830063,125684.376957838,18111.9837482938,128953.088799113,2498545.17276454
156410.5412589,165311.818005077,121235.542198706,11868.1897660904,59023.2407954928,3371889.88861193
